{"cameraMode":{"drawMode":0,"name":"Shaded","section":"Shading Mode"},"sceneLighting":true,"audioPlay":false,"sceneViewState":{"showFog":true,"showMaterialUpdate":false,"showSkybox":true,"showFlares":true,"showImageEffects":true,"showParticleSystems":true},"in2DMode":false,"pivot":{"x":-13.61607551574707,"y":-1.1726408004760743,"z":5.499727249145508},"rotation":{"x":-0.06094319000840187,"y":0.6058578491210938,"z":-0.046626873314380649,"w":-0.7918654084205627},"size":10.0,"orthographic":false}